{
  "dynamic": {
    "zero": 0.7878204300815677,
    "le4": 0.2104312159396984,
    "gt4": 0.0017483539787339576
  },
  "calib": {
    "zero": 0,
    "le4": 0,
    "gt4": 0
  },
  "n_pairs": 4608,
  "calib_pct": 99.0
}