{
  "n_layer_pairs": 6000,
  "calib_percentile": 99.9,
  "dynamic": {
    "zero": 0.4594589620923239,
    "le4_nonzero": 0.533692376757425,
    "gt4": 0.006848661150251116
  },
  "calib": {
    "zero": 0.2709720703609406,
    "le4_nonzero": 0.6949773312523252,
    "gt4": 0.03405059838673425
  },
  "paper_sdm": {
    "zero": 0.44,
    "le4_nonzero": 0.52,
    "gt4": 0.04
  }
}